0.000000,2.500000,-5.000000,0.000000,0.000000,0.000000,1.000000,0.000000,0.000000,0.000000
-0.000049,2.500001,-5.000000,-0.002924,-0.000003,0.000011,0.996900,-0.000305,-0.005957,0.078459
0.002501,2.497750,-4.958081,0.172924,-0.131603,1.668672,0.982037,0.071143,0.078320,0.156231
0.011147,2.491170,-4.886897,0.172924,-0.131603,1.178672,0.963499,0.135810,0.166705,0.159485
0.019793,2.484590,-4.840214,0.172924,-0.131603,0.688672,0.934114,0.223268,0.169274,0.221199
0.028439,2.478010,-4.818030,0.172924,-0.131603,0.198672,0.885261,0.285995,0.247271,0.270881
0.053123,2.462087,-4.803891,0.839037,-0.507252,0.339787,0.850282,0.319852,0.350101,0.228353
0.142628,2.412712,-4.769019,2.780116,-1.475598,0.981515,0.797464,0.370058,0.421967,0.221476
0.331217,2.311075,-4.709530,4.727411,-2.651378,1.395730,0.801718,0.434438,0.359347,0.198447
0.592732,2.157105,-4.639692,5.707217,-3.543100,1.384466,0.782294,0.522088,0.271403,0.204402
0.878093,1.979950,-4.582719,5.707217,-3.543100,0.894466,0.812627,0.515258,0.179901,0.204404
1.165398,1.799662,-4.548374,5.782011,-3.667819,0.483119,0.838518,0.470263,0.089773,0.260155
1.454498,1.616271,-4.536468,5.782011,-3.667819,-0.006881,0.861056,0.403828,0.058103,0.303528
1.750374,1.417385,-4.532629,6.024847,-4.285791,0.172326,0.865524,0.355361,-0.047691,0.349731
2.051616,1.203096,-4.536263,6.024847,-4.285791,-0.317674,0.877397,0.311760,-0.149486,0.332617
2.352858,0.988806,-4.564397,6.024847,-4.285791,-0.807674,0.859677,0.248994,-0.251956,0.368070
2.654101,0.774517,-4.617030,6.024847,-4.285791,-1.297674,0.905907,0.195081,-0.248674,0.281844
2.944296,0.546574,-4.669041,5.570378,-4.801869,-0.773082,0.900117,0.095447,-0.259115,0.336953
3.222815,0.306480,-4.719945,5.570378,-4.801869,-1.263082,0.860081,0.035143,-0.359644,0.360112
3.501334,0.066387,-4.795349,5.570378,-4.801869,-1.753082,0.809542,-0.022925,-0.454358,0.371046
3.737190,-0.189480,-4.867046,3.821267,-5.426232,-1.181104,0.758377,-0.067619,-0.543433,0.353513
3.873448,-0.475627,-4.915425,1.603695,-5.971534,-0.787930,0.736130,-0.150758,-0.564488,0.341669
3.895638,-0.780933,-4.948640,-0.728818,-6.175187,-0.563617,0.720206,-0.254122,-0.552184,0.334392
3.800165,-1.086275,-4.973213,-3.085257,-5.966629,-0.424871,0.719360,-0.348728,-0.504695,0.325872
3.588272,-1.371059,-4.991055,-5.372912,-5.365842,-0.281248,0.724651,-0.417644,-0.438896,0.328364
3.265217,-1.617345,-4.999901,-7.519880,-4.434289,-0.051400,0.738702,-0.462296,-0.356902,0.336485
2.853885,-1.818176,-4.999682,-8.905189,-3.568954,0.081268,0.757412,-0.483205,-0.267287,0.348422
2.390498,-1.981797,-4.997020,-9.608828,-2.961591,0.039504,0.778981,-0.483358,-0.172360,0.360341
1.900248,-2.118700,-4.998692,-9.984730,-2.507511,-0.097857,0.798202,-0.468889,-0.079217,0.369784
1.394249,-2.232814,-5.006756,-10.238938,-2.052682,-0.218855,0.812989,-0.445739,0.008521,0.374556
0.877481,-2.322174,-5.018909,-10.413172,-1.518907,-0.263369,0.823247,-0.417503,0.089804,0.374018
0.354539,-2.382947,-5.031482,-10.484294,-0.911169,-0.237758,0.829818,-0.385819,0.163634,0.368469
-0.168929,-2.412303,-5.041743,-10.434096,-0.264454,-0.172867,0.833649,-0.351795,0.229390,0.358678
-0.686814,-2.409197,-5.048493,-10.262149,0.385170,-0.098941,0.835616,-0.316471,0.286985,0.345297
-1.193278,-2.374118,-5.051779,-9.979065,1.012702,-0.035385,0.836433,-0.280820,0.336740,0.328826
-1.683073,-2.308500,-5.052331,-9.597444,1.605340,0.009798,0.836635,-0.245707,0.379199,0.309641
-2.151514,-2.214212,-5.051082,-9.126838,2.158428,0.036341,0.836610,-0.211862,0.414986,0.288068
-2.594305,-2.093270,-5.048888,-8.573197,2.670548,0.047472,0.836627,-0.179878,0.444736,0.264402
-3.007397,-1.947763,-5.046427,-7.940548,3.140377,0.047109,0.836855,-0.150211,0.469078,0.238904
-3.386948,-1.779869,-5.044195,-7.233076,3.565470,0.038546,0.837378,-0.123186,0.488613,0.211849
-3.729365,-1.591917,-5.042548,-6.456673,3.942365,0.024124,0.838215,-0.099002,0.503900,0.183518
-4.031394,-1.386409,-5.041734,-5.618903,4.267546,0.005733,0.839336,-0.077724,0.515480,0.154118
-4.290197,-1.166009,-5.041913,-4.728941,4.538052,-0.015033,0.840662,-0.059317,0.523849,0.123897
-4.503418,-0.933503,-5.043164,-3.796769,4.751943,-0.036556,0.842107,-0.043596,0.529445,0.092969
-4.669214,-0.691748,-5.045490,-2.833023,4.908302,-0.057357,0.843544,-0.030307,0.532665,0.061494
-4.786276,-0.443619,-5.048818,-1.848405,5.007160,-0.076000,0.844885,-0.019035,0.533795,0.029492
-4.853906,-0.191976,-5.053045,-0.856557,5.049293,-0.092690,0.845980,-0.009409,0.533124,-0.002782
-4.872028,0.060395,-5.058056,0.131095,5.036577,-0.106755,0.846862,-0.000867,0.530632,-0.035394
-4.841316,0.310830,-5.063796,1.096022,4.972412,-0.121299,0.847474,0.006734,0.526437,-0.067868
-4.762782,0.556825,-5.070074,2.043132,4.859258,-0.127380,0.848227,0.013986,0.519764,-0.100798
-4.637410,0.795978,-5.076350,2.968859,4.699040,-0.120801,0.848364,0.021002,0.511747,-0.133981
-4.465967,1.025877,-5.081705,3.885139,4.488734,-0.090146,0.847638,0.029012,0.502334,-0.168308
-4.249367,1.244030,-5.085071,4.774377,4.228822,-0.041199,0.845217,0.038668,0.492435,-0.204008
-3.989411,1.448003,-5.085725,5.618290,3.921134,0.018516,0.841293,0.050766,0.481134,-0.241163
-3.688849,1.635516,-5.083336,6.397494,3.570205,0.080701,0.835751,0.065719,0.467976,-0.279642
-3.351279,1.804550,-5.077935,7.097286,3.182109,0.139160,0.828594,0.083741,0.452208,-0.319259
-2.980963,1.953448,-5.069849,7.706122,2.765287,0.188093,0.819593,0.104770,0.433551,-0.359615
-2.582618,2.081008,-5.059675,8.217387,2.329426,0.222549,0.808474,0.128571,0.411798,-0.400326
-2.161174,2.186522,-5.048232,8.629324,1.884603,0.238392,0.794952,0.154683,0.387080,-0.440787
-1.721522,2.269750,-5.036503,8.945282,1.439321,0.233489,0.778794,0.182541,0.359670,-0.480411
-1.268293,2.330802,-5.025503,9.172256,0.998935,0.208562,0.759895,0.211530,0.329985,-0.518578
-0.805737,2.369974,-5.016150,9.318351,0.565433,0.166926,0.738276,0.241056,0.298480,-0.554752
-0.337727,2.387592,-5.009150,9.390519,0.138081,0.113768,0.714099,0.270577,0.265606,-0.588475
0.132148,2.383911,-5.004929,9.393084,-0.285351,0.055109,0.687635,0.299624,0.231785,-0.619402
0.600438,2.359063,-5.003613,9.327225,-0.707404,-0.003052,0.659247,0.327792,0.197404,-0.647284
1.063677,2.313071,-5.005044,9.191143,-1.129958,-0.055394,0.629362,0.354736,0.162827,-0.671976
1.518250,2.245899,-5.008827,8.980700,-1.553412,-0.097822,0.598420,0.380170,0.128372,-0.693458
1.960302,2.157548,-5.014410,8.690579,-1.975961,-0.128024,0.567023,0.403795,0.094320,-0.711714
2.385712,2.048157,-5.021164,8.315391,-2.393801,-0.145217,0.535843,0.425336,0.060932,-0.726807
2.790118,1.918110,-5.028460,7.850981,-2.801142,-0.150226,0.505579,0.444522,0.028387,-0.738907
3.168997,1.768109,-5.035736,7.295116,-3.191013,-0.144820,0.476988,0.461119,-0.003185,-0.748225
3.517799,1.599231,-5.042549,6.648806,-3.555438,-0.131903,0.450695,0.474925,-0.033752,-0.755103
3.832122,1.412962,-5.048620,5.917007,-3.886108,-0.115118,0.427260,0.485736,-0.063402,-0.759927
4.107889,1.211178,-5.053840,5.107770,-4.175626,-0.097662,0.407252,0.493358,-0.092278,-0.763038
4.341492,0.996093,-5.058239,4.231577,-4.418017,-0.081872,0.390998,0.497627,-0.120567,-0.764821
4.529899,0.770180,-5.061946,3.301133,-4.608748,-0.069333,0.378718,0.498361,-0.148460,-0.765616
4.670741,0.536096,-5.065136,2.330032,-4.744910,-0.060495,0.370447,0.495388,-0.176112,-0.765731
4.762338,0.296611,-5.067989,1.332388,-4.824960,-0.054976,0.366116,0.488531,-0.203615,-0.765400
4.803714,0.054539,-5.070643,0.322192,-4.848515,-0.051716,0.365544,0.477609,-0.230974,-0.764799
4.794594,-0.187309,-5.073183,-0.686519,-4.816125,-0.049504,0.368498,0.462439,-0.258093,-0.764033
4.735401,-0.426170,-5.075634,-1.679783,-4.729204,-0.047308,0.374676,0.442839,-0.284758,-0.763167
4.627255,-0.659376,-5.077981,-2.643768,-4.590053,-0.044608,0.383734,0.418656,-0.310621,-0.762227
4.471937,-0.884393,-5.080194,-3.565697,-4.401769,-0.041269,0.395256,0.389758,-0.335239,-0.761233
4.271874,-1.098871,-5.082268,-4.432693,-4.168652,-0.038544,0.408907,0.356141,-0.358055,-0.760101
4.030019,-1.300672,-5.084235,-5.236483,-3.894924,-0.036586,0.424259,0.317678,-0.378509,-0.758825
3.749674,-1.487870,-5.086129,-5.971285,-3.584798,-0.035330,0.441215,0.274407,-0.395858,-0.757183
3.434200,-1.658650,-5.087831,-6.640564,-3.238493,-0.028683,0.459730,0.225966,-0.409144,-0.755108
3.086777,-1.811163,-5.088871,-7.247926,-2.854498,-0.008560,0.480266,0.172583,-0.416869,-0.752183
2.710497,-1.943498,-5.088388,-7.793342,-2.431954,0.032539,0.502953,0.114799,-0.417542,-0.748008
2.308800,-2.053975,-5.085469,-8.263388,-1.981153,0.088881,0.527755,0.054089,-0.409995,-0.741925
1.885819,-2.141619,-5.079692,-8.643889,-1.519893,0.146540,0.554125,-0.008012,-0.393566,-0.733476
1.446221,-2.206386,-5.071384,-8.927818,-1.067477,0.189475,0.581406,-0.069738,-0.367990,-0.722278
0.994754,-2.249038,-5.061519,-9.118791,-0.636570,0.207960,0.608797,-0.129425,-0.333565,-0.708060
0.535839,-2.270782,-5.051395,-9.226184,-0.232352,0.198894,0.635461,-0.185656,-0.291097,-0.690639
0.073396,-2.272937,-5.042332,-9.260485,0.146068,0.164509,0.660804,-0.237137,-0.241748,-0.669822
-0.389124,-2.256620,-5.035386,-9.229771,0.505797,0.113299,0.684269,-0.283048,-0.186761,-0.645584
-0.848550,-2.222551,-5.031150,-9.136989,0.855474,0.055145,0.705530,-0.322624,-0.127318,-0.618005
-1.301705,-2.170985,-5.029683,-8.979093,1.205028,0.001582,0.724411,-0.355205,-0.064555,-0.587273
-1.745142,-2.101745,-5.030541,-8.748301,1.561683,-0.038834,0.740871,-0.380113,0.000430,-0.553736
-2.174971,-2.014401,-5.032968,-8.434804,1.928463,-0.062104,0.755011,-0.396693,0.066498,-0.517852
-2.586807,-1.908457,-5.036094,-8.028838,2.304737,-0.067641,0.767190,-0.404297,0.132416,-0.480030
-2.975869,-1.783572,-5.039128,-7.524255,2.685246,-0.059056,0.777694,-0.402605,0.196887,-0.440836
-3.337242,-1.639778,-5.041560,-6.922042,3.060164,-0.043804,0.786969,-0.391449,0.258576,-0.400731
-3.666184,-1.477623,-5.043228,-6.227944,3.418849,-0.028363,0.795374,-0.371105,0.316192,-0.360116
-3.958370,-1.298197,-5.044269,-5.452939,3.750315,-0.018254,0.803228,-0.342149,0.368568,-0.319242
-4.210070,-1.103095,-5.045020,-4.609627,4.045287,-0.015991,0.810721,-0.305469,0.414712,-0.278268
-4.418207,-0.894335,-5.045885,-3.711603,4.296180,-0.021928,0.817947,-0.262142,0.453836,-0.237227
-4.580364,-0.674264,-5.047234,-2.771494,4.497403,-0.034296,0.824887,-0.213373,0.485357,-0.196116
-4.694741,-0.445470,-5.049320,-1.801516,4.644817,-0.050446,0.831457,-0.160404,0.508882,-0.154883
-4.760132,-0.210717,-5.052253,-0.813044,4.735572,-0.067234,0.837523,-0.104468,0.524172,-0.113509
-4.775904,0.027114,-5.055995,0.182233,4.767810,-0.081932,0.842941,-0.046761,0.531112,-0.071987
-4.742011,0.265075,-5.060383,1.172579,4.740698,-0.092268,0.847590,0.011580,0.529654,-0.030371
-4.659047,0.500208,-5.065182,2.144071,4.654713,-0.097665,0.851346,0.069401,0.519869,0.011352
-4.528264,0.729611,-5.070128,3.084385,4.511538,-0.097533,0.854152,0.125712,0.501809,0.052981
-4.351615,0.950514,-5.075002,3.977713,4.315014,-0.094278,0.855870,0.179367,0.475780,0.094587
-4.131644,1.160344,-5.079626,4.816218,4.068733,-0.087088,0.856576,0.229561,0.441742,0.135801
-3.871287,1.356717,-5.083795,5.592137,3.777227,-0.075697,0.856225,0.274848,0.399970,0.177088
-3.573230,1.537228,-5.086847,6.322617,3.434318,-0.041706,0.855320,0.313799,0.349946,0.217933
-3.240040,1.699404,-5.087633,6.996210,3.044605,0.015267,0.852982,0.344697,0.293826,0.259366
-2.874847,1.841098,-5.085061,7.601354,2.615773,0.092855,0.849369,0.366564,0.232323,0.300379
-2.481754,1.960923,-5.078653,8.111539,2.170927,0.168311,0.843757,0.379284,0.167372,0.340887
-2.065738,2.058534,-5.068899,8.517715,1.728534,0.226263,0.836624,0.381591,0.099848,0.380103
-1.631966,2.134381,-5.056902,8.821798,1.301609,0.257189,0.827275,0.374265,0.031504,0.417789
-1.185333,2.189433,-5.044139,9.032425,0.897969,0.256058,0.815901,0.357100,-0.036075,0.453302
-0.730192,2.224842,-5.032120,9.162452,0.516840,0.226455,0.801962,0.331546,-0.101550,0.486436
-0.270300,2.241627,-5.022117,9.222915,0.153862,0.174504,0.785681,0.298512,-0.163562,0.516568
0.191053,2.240531,-5.015041,9.221209,-0.197723,0.108470,0.766996,0.259236,-0.221272,0.543646
0.650823,2.221867,-5.011298,9.159734,-0.548208,0.040305,0.746352,0.214956,-0.273827,0.567248
1.105970,2.185538,-5.010824,9.036327,-0.903658,-0.023100,0.723993,0.166543,-0.320540,0.587666
1.553203,2.131059,-5.013101,8.843058,-1.273497,-0.070610,0.700533,0.115221,-0.360886,0.604763
1.988836,2.057707,-5.017323,8.572313,-1.657716,-0.101747,0.676525,0.061785,-0.394317,0.618878
2.408747,1.964755,-5.022624,8.214288,-2.056525,-0.114468,0.652660,0.007356,-0.420491,0.630212
2.808446,1.851645,-5.028206,7.764059,-2.462982,-0.113571,0.629561,-0.047135,-0.439191,0.639173
3.183254,1.718207,-5.033510,7.219212,-2.868609,-0.103632,0.607865,-0.100635,-0.450484,0.646093
3.528509,1.564761,-5.038238,6.582676,-3.262238,-0.090532,0.588066,-0.152232,-0.454628,0.651395
3.839760,1.392179,-5.042336,5.859953,-3.633066,-0.078160,0.570544,-0.201046,-0.452145,0.655457
4.112916,1.201870,-5.045917,5.059953,-3.970553,-0.069327,0.555538,-0.246368,-0.443742,0.658614
4.344381,0.995732,-5.049189,4.193416,-4.265529,-0.065144,0.543185,-0.287672,-0.430247,0.661121
4.531126,0.776083,-5.052383,3.272271,-4.510477,-0.065347,0.533512,-0.324618,-0.412521,0.663184
4.670733,0.545573,-5.055686,2.309048,-4.699671,-0.068649,0.526480,-0.357040,-0.391391,0.664946
4.761430,0.307094,-5.059212,1.316998,-4.829051,-0.073358,0.522008,-0.384920,-0.367581,0.666504
4.802137,0.063699,-5.062995,0.310549,-4.896211,-0.078022,0.519954,-0.408334,-0.341693,0.667949
4.792517,-0.181480,-5.067006,-0.695029,-4.900565,-0.081631,0.520152,-0.427434,-0.314175,0.669355
4.733011,-0.425334,-5.071183,-1.683848,-4.843367,-0.083906,0.522443,-0.442433,-0.285301,0.670752
4.624927,-0.664869,-5.075512,-2.637190,-4.728217,-0.087029,0.526463,-0.453604,-0.255327,0.672226
4.470420,-0.897329,-5.080074,-3.539812,-4.560913,-0.092559,0.531867,-0.460850,-0.224159,0.674156
4.271676,-1.120126,-5.084630,-4.405566,-4.341997,-0.085980,0.538949,-0.463664,-0.191654,0.676622
4.030213,-1.330603,-5.088194,-5.247517,-4.068347,-0.052397,0.547364,-0.463055,-0.158647,0.678825
3.747572,-1.526098,-5.089484,-6.051632,-3.742596,0.005002,0.557678,-0.459991,-0.124906,0.679559
3.426343,-1.704243,-5.087694,-6.789965,-3.374349,0.070835,0.570421,-0.454393,-0.089775,0.678297
3.070311,-1.863171,-5.082716,-7.442600,-2.974263,0.132387,0.585748,-0.445680,-0.052812,0.674892
2.684033,-2.001546,-5.074978,-7.998786,-2.552877,0.181043,0.603354,-0.433525,-0.014073,0.669194
2.272418,-2.118539,-5.065254,-8.455298,-2.119949,0.211424,0.622805,-0.417790,0.026125,0.660971
1.840397,-2.213775,-5.054526,-8.814444,-1.683755,0.220673,0.643474,-0.398653,0.067287,0.649991
1.392688,-2.287225,-5.043846,-9.082590,-1.249768,0.208826,0.664714,-0.376503,0.108838,0.636045
0.933642,-2.339054,-5.034197,-9.267803,-0.820147,0.178696,0.685907,-0.351858,0.150219,0.619000
0.467224,-2.369465,-5.026373,-9.377434,-0.394228,0.135128,0.706522,-0.325282,0.190921,0.598804
-0.002909,-2.378583,-5.020899,-9.416434,0.030382,0.083985,0.726131,-0.297326,0.230502,0.575499
-0.473271,-2.366403,-5.018005,-9.386601,0.456591,0.031206,0.744407,-0.268514,0.268578,0.549202
-0.940388,-2.332783,-5.017640,-9.286594,0.886837,-0.017842,0.761115,-0.239344,0.304816,0.520100
-1.400649,-2.277490,-5.019508,-9.112415,1.322298,-0.058814,0.776102,-0.210296,0.338924,0.488437
-1.850199,-2.200279,-5.023132,-8.858254,1.762285,-0.088710,0.789289,-0.181839,0.370648,0.454507
-2.284873,-2.100999,-5.027922,-8.517634,2.203793,-0.106128,0.800668,-0.154428,0.399773,0.418644
-2.700201,-1.979712,-5.033265,-8.084806,2.641327,-0.111367,0.810298,-0.128496,0.426129,0.381207
-3.091478,-1.836812,-5.038603,-7.556215,3.067083,-0.106332,0.818298,-0.104417,0.449602,0.342553
-3.453902,-1.673126,-5.043502,-6.931616,3.471689,-0.094040,0.824817,-0.082495,0.470118,0.303085
-3.782781,-1.489976,-5.047704,-6.215446,3.844809,-0.078485,0.830053,-0.062932,0.487637,0.263173
-4.073739,-1.289182,-5.051143,-5.416037,4.176831,-0.063256,0.834219,-0.045819,0.502179,0.223146
-4.322914,-1.073010,-5.053914,-4.545392,4.459578,-0.051297,0.837526,-0.031125,0.513802,0.183270
-4.527094,-0.844079,-5.056227,-3.617606,4.687081,-0.044260,0.840167,-0.018694,0.522607,0.143705
-4.683804,-0.605250,-5.058341,-2.647826,4.855631,-0.042562,0.842291,-0.008254,0.528723,0.104541
-4.791346,-0.359514,-5.060519,-1.652068,4.963533,-0.045945,0.844002,0.000553,0.532281,0.065851
-4.848830,-0.109904,-5.063000,-0.646600,5.010935,-0.053773,0.845365,0.008158,0.533410,0.027650
-4.856249,0.140603,-5.066023,0.349545,4.999881,-0.066713,0.846450,0.014884,0.532169,-0.009855
-4.814316,0.389175,-5.069751,1.326451,4.933972,-0.080958,0.847545,0.021078,0.528227,-0.046890
-4.724080,0.633152,-5.074080,2.280785,4.816586,-0.089929,0.848505,0.026926,0.521859,-0.083525
-4.586399,0.869963,-5.078426,3.223340,4.647359,-0.080899,0.848949,0.033277,0.513479,-0.120488
-4.402014,1.097002,-5.081813,4.148116,4.425369,-0.051328,0.848034,0.040939,0.504081,-0.158313
-4.172204,1.311645,-5.083321,5.039349,4.151134,-0.005489,0.845634,0.050717,0.493374,-0.197260
-3.899172,1.511367,-5.082337,5.875864,3.828284,0.048562,0.841643,0.063136,0.480972,-0.237309
-3.586083,1.693865,-5.078617,6.640327,3.462184,0.104224,0.836072,0.078556,0.466177,-0.278372
-3.236897,1.857162,-5.072229,7.318427,3.060558,0.155390,0.828752,0.097057,0.448587,-0.320185
-2.856182,1.999711,-5.063533,7.900330,2.632983,0.196458,0.819435,0.118512,0.427955,-0.362401
-2.448872,2.120468,-5.053153,8.381301,2.189947,0.222469,0.807810,0.142597,0.404284,-0.404554
-2.020005,2.218903,-5.041927,8.761982,1.741345,0.229803,0.793601,0.168806,0.377785,-0.446072
-1.574469,2.294921,-5.030816,9.047720,1.294674,0.217252,0.776623,0.196555,0.348824,-0.486357
-1.116820,2.348722,-5.020772,9.246499,0.854039,0.186402,0.756824,0.225236,0.317849,-0.524840
-0.651204,2.380632,-5.012612,9.366403,0.420361,0.141171,0.734293,0.254278,0.285319,-0.561025
-0.181413,2.390969,-5.006923,9.413656,-0.007664,0.086911,0.709244,0.283172,0.251674,-0.594512
0.289004,2.379957,-5.004010,9.391585,-0.432359,0.029474,0.681997,0.311479,0.217317,-0.625006
0.756587,2.347708,-5.003892,9.300409,-0.855990,-0.025539,0.652949,0.338822,0.182617,-0.652309
1.217816,2.294240,-5.006327,9.137579,-1.279938,-0.073311,0.622553,0.364872,0.147922,-0.676324
1.668994,2.219545,-5.010866,8.898533,-1.703914,-0.110376,0.591246,0.389371,0.113526,-0.697086
2.106177,2.123689,-5.016939,8.578105,-2.125189,-0.135271,0.559732,0.411996,0.079670,-0.714570
2.525165,2.006914,-5.023926,8.171175,-2.539571,-0.147498,0.528699,0.432483,0.046612,-0.728877
2.921541,1.869721,-5.031227,7.674282,-2.940871,-0.148276,0.498816,0.450576,0.014494,-0.740238
3.290774,1.712950,-5.038327,7.086322,-3.321787,-0.139805,0.470868,0.466039,-0.016600,-0.748875
3.628366,1.537826,-5.044846,6.409591,-3.674310,-0.125204,0.445402,0.478679,-0.046682,-0.755184
3.930027,1.345973,-5.050573,5.650175,-3.990466,-0.108009,0.423019,0.488284,-0.075872,-0.759524
4.191843,1.139386,-5.055454,4.816962,-4.263418,-0.091099,0.404182,0.494674,-0.104334,-0.762265
4.410406,0.920364,-5.059562,3.921235,-4.487728,-0.076560,0.389187,0.497674,-0.132269,-0.763779
4.582916,0.691441,-5.063047,2.975978,-4.659480,-0.065539,0.378183,0.497104,-0.159861,-0.764401
4.707242,0.455307,-5.066091,1.994931,-4.776266,-0.058160,0.371166,0.492787,-0.187253,-0.764416
4.781945,0.214740,-5.068862,0.992088,-4.836953,-0.053748,0.368026,0.484544,-0.214511,-0.764041
4.806286,-0.027453,-5.071479,-0.018613,-4.841457,-0.051140,0.368563,0.472189,-0.241611,-0.763428
4.780220,-0.268483,-5.074002,-1.023213,-4.790575,-0.049137,0.372520,0.455536,-0.268423,-0.762669
4.704403,-0.505623,-5.076439,-2.007765,-4.685963,-0.046872,0.379585,0.434410,-0.294688,-0.761815
4.580176,-0.736250,-5.078765,-2.958730,-4.530169,-0.043960,0.389399,0.408666,-0.320012,-0.760889
4.409521,-0.957885,-5.080944,-3.863909,-4.326437,-0.040330,0.401516,0.378168,-0.343945,-0.759918
4.195068,-1.168252,-5.082988,-4.709805,-4.079661,-0.038153,0.415687,0.343019,-0.365877,-0.758733
3.939915,-1.365292,-5.084943,-5.490943,-3.793520,-0.036407,0.431419,0.302915,-0.385260,-0.757426
3.647405,-1.547124,-5.086806,-6.203083,-3.471660,-0.034185,0.448800,0.258009,-0.401216,-0.755668
3.320837,-1.711928,-5.088345,-6.852104,-3.112670,-0.023199,0.467796,0.207853,-0.412699,-0.753420
2.963334,-1.857824,-5.088949,-7.439092,-2.715816,0.003514,0.488967,0.152991,-0.418095,-0.750134
2.578070,-1.982943,-5.087701,-7.961094,-2.282267,0.051097,0.512257,0.094072,-0.416034,-0.745425
2.168704,-2.085796,-5.083807,-8.402052,-1.826298,0.109269,0.537554,0.032788,-0.405476,-0.738613
1.739594,-2.165719,-5.077093,-8.750228,-1.366353,0.163411,0.564194,-0.029342,-0.385915,-0.729310
1.295484,-2.222960,-5.068128,-9.002002,-0.920431,0.198614,0.591500,-0.090499,-0.357254,-0.717151
0.841044,-2.258470,-5.058031,-9.163669,-0.498363,0.207787,0.618632,-0.149128,-0.319977,-0.701904
0.380532,-2.273523,-5.048134,-9.245373,-0.103224,0.189649,0.644830,-0.203812,-0.275033,-0.683382
-0.082303,-2.269394,-5.039693,-9.257151,0.268045,0.148542,0.669487,-0.253472,-0.223631,-0.661459
-0.544131,-2.247080,-5.033624,-9.205517,0.623438,0.093831,0.692186,-0.297241,-0.167015,-0.636107
-1.001810,-2.207146,-5.030343,-9.091438,0.972209,0.036123,0.712548,-0.334523,-0.106336,-0.607503
-1.452103,-2.149697,-5.029735,-8.910186,1.323374,-0.014078,0.730574,-0.364521,-0.042712,-0.575813
-1.891424,-2.074445,-5.031223,-8.652548,1.683614,-0.048689,0.746157,-0.386692,0.022758,-0.541479
-2.315710,-1.980907,-5.033983,-8.308944,2.053969,-0.065874,0.759562,-0.400264,0.088908,-0.504925
-2.720427,-1.868618,-5.037152,-7.870026,2.432742,-0.065849,0.771087,-0.404751,0.154474,-0.466624
-3.100715,-1.737342,-5.040020,-7.332340,2.812544,-0.054302,0.781099,-0.399841,0.218143,-0.427111
-3.451689,-1.587280,-5.042194,-6.698285,3.183308,-0.038270,0.790010,-0.385532,0.278584,-0.386833
-3.768723,-1.419162,-5.043623,-5.975739,3.533984,-0.024219,0.798175,-0.362194,0.334543,-0.346138
-4.047679,-1.234256,-5.044525,-5.176312,3.854145,-0.016588,0.805868,-0.330523,0.384907,-0.305249
-4.285042,-1.034311,-5.045272,-4.313184,4.135020,-0.017187,0.813248,-0.291475,0.428751,-0.264276
-4.477960,-0.821465,-5.046266,-3.399627,4.369749,-0.025532,0.820366,-0.246181,0.465358,-0.223239
-4.624224,-0.598156,-5.047842,-2.448177,4.553250,-0.039503,0.827180,-0.195863,0.494212,-0.182110
-4.722239,-0.367038,-5.050210,-1.470679,4.681862,-0.056188,0.833585,-0.141767,0.514975,-0.140849
-4.770990,-0.130920,-5.053427,-0.478610,4.753072,-0.072552,0.839440,-0.085112,0.527454,-0.099437
-4.770038,0.107288,-5.057410,0.516408,4.765371,-0.085974,0.844600,-0.027077,0.531568,-0.057892
-4.719540,0.344628,-5.061962,1.502300,4.718278,-0.094511,0.848963,0.031217,0.527277,-0.016270
-4.620321,0.578153,-5.066838,2.464241,4.612859,-0.098315,0.852383,0.088596,0.514726,0.025477
-4.473847,0.804995,-5.071774,3.391487,4.451001,-0.096268,0.854867,0.144182,0.493887,0.067001
-4.282314,1.022450,-5.076580,4.265663,4.237721,-0.092684,0.856174,0.196676,0.465279,0.108621
-4.048419,1.228013,-5.081081,5.084843,3.975397,-0.083593,0.856589,0.245480,0.428484,0.149647
-3.775092,1.419324,-5.084975,5.841907,3.668207,-0.068030,0.855936,0.288759,0.384084,0.190971
-3.464928,1.593946,-5.087416,6.556587,3.307934,-0.024712,0.854753,0.325118,0.331598,0.231812
-3.120570,1.749441,-5.087167,7.208529,2.903972,0.039724,0.851875,0.353163,0.273687,0.273274
-2.745492,1.883893,-5.083323,7.784132,2.467071,0.119210,0.847744,0.371814,0.210764,0.314106
-2.344113,1.996240,-5.075695,8.259980,2.020950,0.190586,0.841499,0.381298,0.144855,0.354271
-1.921557,2.086451,-5.065041,8.630843,1.582974,0.239754,0.833761,0.380141,0.076872,0.392970
-1.482943,2.155187,-5.052618,8.902399,1.163106,0.260468,0.823666,0.369566,0.008584,0.430024
-1.032996,2.203503,-5.039939,9.084481,0.767415,0.249080,0.811514,0.349387,-0.058390,0.464719
-0.575870,2.232551,-5.028475,9.189968,0.393225,0.210919,0.796733,0.321201,-0.122860,0.496942
-0.115142,2.243258,-5.019375,9.228946,0.034588,0.153618,0.779656,0.285963,-0.183495,0.526013
0.346009,2.236240,-5.013399,9.207194,-0.315095,0.085067,0.760248,0.244841,-0.239563,0.551983
0.804566,2.211665,-5.010785,9.125222,-0.667061,0.018305,0.738989,0.199103,-0.290218,0.574479
1.257432,2.169296,-5.011306,8.979566,-1.026173,-0.041195,0.716203,0.149570,-0.334857,0.593761
1.701195,2.108557,-5.014338,8.761032,-1.401110,-0.083011,0.692479,0.097447,-0.372918,0.609843
2.132020,2.028689,-5.019022,8.462030,-1.790399,-0.108063,0.668461,0.043559,-0.403960,0.622959
2.545650,1.929007,-5.024503,8.073368,-2.192713,-0.115601,0.644772,-0.011008,-0.427613,0.633478
2.937501,1.809055,-5.030045,7.591233,-2.600103,-0.110948,0.622089,-0.065272,-0.443814,0.641695
3.302879,1.668821,-5.035176,7.015064,-3.002963,-0.099365,0.600975,-0.118235,-0.452654,0.648038
3.637176,1.508811,-5.039689,6.348773,-3.390130,-0.086136,0.581917,-0.168989,-0.454504,0.652870
3.936046,1.330080,-5.043595,5.598994,-3.750849,-0.074744,0.565214,-0.216700,-0.449937,0.656605
4.195554,1.134209,-5.047048,4.775337,-4.074988,-0.067405,0.551096,-0.260722,-0.439726,0.659513
4.412287,0.923247,-5.050270,3.889116,-4.353868,-0.064797,0.539642,-0.300589,-0.424711,0.661855
4.583418,0.699634,-5.053484,2.952402,-4.580610,-0.066204,0.530867,-0.336025,-0.405750,0.663802
4.706742,0.466109,-5.056854,1.977980,-4.750050,-0.070164,0.524701,-0.366916,-0.383649,0.665488
4.780711,0.225628,-5.060465,0.979330,-4.858681,-0.074941,0.521071,-0.393286,-0.359072,0.666991
4.804493,-0.018718,-5.064329,-0.028442,-4.904677,-0.079390,0.519777,-0.415229,-0.332611,0.668420
4.778004,-0.263796,-5.068400,-1.030430,-4.888067,-0.082403,0.520727,-0.432924,-0.304587,0.669810
4.701977,-0.506522,-5.072627,-2.008962,-4.810889,-0.084880,0.523596,-0.446606,-0.275365,0.671240
4.578007,-0.743971,-5.077021,-2.947174,-4.677389,-0.088439,0.528192,-0.456476,-0.244944,0.672788
4.408396,-0.973465,-5.081630,-3.833665,-4.493276,-0.092808,0.534027,-0.462323,-0.213401,0.674931
4.195135,-1.192418,-5.085990,-4.691998,-4.255962,-0.077621,0.541695,-0.463722,-0.180570,0.677438
3.939602,-1.398140,-5.088910,-5.523550,-3.964144,-0.035004,0.550616,-0.462325,-0.147417,0.679224
3.643637,-1.588039,-5.089222,-6.308226,-3.622952,0.026797,0.561708,-0.458396,-0.113288,0.679354
3.310244,-1.759901,-5.086345,-7.019537,-3.242760,0.092456,0.575318,-0.451840,-0.077565,0.677372
2.943516,-1.912038,-5.080375,-7.640486,-2.834391,0.150402,0.591450,-0.441988,-0.039998,0.673226
2.548172,-2.043288,-5.071874,-8.163276,-2.408054,0.193440,0.609735,-0.428633,-0.000718,0.666705
2.129157,-2.152983,-5.061699,-8.586568,-1.973226,0.216904,0.629667,-0.411719,0.039862,0.657583
1.691355,-2.240880,-5.050872,-8.914287,-1.537335,0.218923,0.650599,-0.391518,0.081220,0.645629
1.239372,-2.307034,-5.040438,-9.153651,-1.104748,0.200499,0.671888,-0.368467,0.122775,0.630654
0.777426,-2.351638,-5.031328,-9.312733,-0.676576,0.165241,0.692939,-0.343110,0.163983,0.612552
0.309365,-2.374880,-5.024251,-9.398222,-0.251433,0.118451,0.713258,-0.316009,0.204356,0.591303
-0.161228,-2.376844,-5.019634,-9.414049,0.173376,0.066113,0.732449,-0.287709,0.243473,0.566975
-0.630889,-2.357476,-5.017611,-9.360927,0.600704,0.014034,0.750219,-0.258723,0.280969,0.539712
-1.096112,-2.316598,-5.018041,-9.236546,1.032641,-0.032719,0.766360,-0.229542,0.316524,0.509719
-1.553215,-2.253962,-5.020561,-9.036191,1.469801,-0.070222,0.780746,-0.200642,0.349859,0.477259
-1.998244,-2.169342,-5.024646,-8.753682,1.910755,-0.095989,0.793321,-0.172487,0.380734,0.442640
-2.426926,-2.062643,-5.029690,-8.382623,2.351662,-0.109188,0.804101,-0.145527,0.408947,0.406207
-2.834700,-1.934026,-5.035089,-7.917842,2.786214,-0.110677,0.813165,-0.120181,0.434344,0.368325
-3.216810,-1.784022,-5.040319,-7.356816,3.205951,-0.102835,0.820651,-0.096798,0.456834,0.329337
-3.568466,-1.613620,-5.045002,-6.700596,3.601190,-0.088912,0.826709,-0.075655,0.476346,0.289693
-3.885059,-1.424310,-5.048944,-5.955419,3.961454,-0.073177,0.831567,-0.056909,0.492862,0.249687
-4.162365,-1.218072,-5.052140,-5.130429,4.277774,-0.058703,0.835413,-0.040624,0.506417,0.209703
-4.396729,-0.997303,-5.054729,-4.239018,4.542464,-0.048348,0.838484,-0.026708,0.517073,0.169900
-4.585183,-0.764717,-5.056945,-3.295348,4.750459,-0.043108,0.840927,-0.014991,0.524966,0.130485
-4.725502,-0.523226,-5.059051,-2.314857,4.898719,-0.043095,0.842918,-0.005128,0.530191,0.091436
-4.816270,-0.275851,-5.061309,-1.314460,4.986141,-0.048290,0.844481,0.003200,0.532950,0.052967
-4.856863,-0.025613,-5.063942,-0.308903,5.013543,-0.057198,0.845783,0.010527,0.533214,0.014884
-4.847588,0.224549,-5.067197,0.679261,4.983701,-0.072299,0.846761,0.016969,0.531234,-0.022291
-4.789281,0.471862,-5.071156,1.651338,4.899900,-0.084200,0.847979,0.023127,0.526190,-0.059331
-4.682988,0.713709,-5.075566,2.597947,4.765583,-0.089740,0.848685,0.028945,0.519328,-0.095884
-4.529513,0.947521,-5.079707,3.537613,4.578263,-0.072719,0.848862,0.035722,0.510327,-0.133129
-4.329654,1.170666,-5.082539,4.452534,4.338613,-0.037273,0.847370,0.043967,0.500689,-0.171290
-4.085015,1.380551,-5.083255,5.327701,4.047461,0.012226,0.844480,0.054588,0.489400,-0.210618
-3.798121,1.574710,-5.081360,6.141573,3.709438,0.067390,0.839945,0.067970,0.476308,-0.251002
-3.472426,1.750943,-5.076722,6.878376,3.330463,0.122168,0.833824,0.084418,0.460582,-0.292361
-3.112117,1.907404,-5.069508,7.524914,2.919075,0.170473,0.825865,0.103925,0.442002,-0.334334
-2.721910,2.042712,-5.060170,8.073178,2.485171,0.206994,0.815808,0.126308,0.420328,-0.376599
-2.306802,2.155998,-5.049408,8.520134,2.039287,0.227047,0.803344,0.151167,0.395679,-0.418597
-1.871806,2.246889,-5.038116,8.868146,1.590702,0.227697,0.788219,0.177962,0.368305,-0.459773
-1.421715,2.315408,-5.027265,9.123736,1.145805,0.208699,0.770293,0.206094,0.338617,-0.499512
-0.960948,2.361814,-5.017777,9.295184,0.707571,0.172491,0.749557,0.234961,0.307068,-0.537276
-0.493524,2.386444,-5.010399,9.390126,0.276035,0.123593,0.726150,0.264011,0.274117,-0.572594
-0.023135,2.389588,-5.005626,9.413881,-0.150580,0.067618,0.700320,0.292758,0.240189,-0.605105
0.446715,2.371436,-5.003666,9.368721,-0.574688,0.010410,0.672419,0.320784,0.205677,-0.634544
0.912562,2.332060,-5.004446,9.253874,-0.998337,-0.042646,0.642863,0.347731,0.170941,-0.660748
1.370837,2.271462,-5.007649,9.066014,-1.422406,-0.087142,0.612108,0.373292,0.136309,-0.683664
1.817765,2.189645,-5.012774,8.800179,-1.845915,-0.120160,0.580670,0.397193,0.102073,-0.703306
2.249312,2.086722,-5.019223,8.451161,-2.265506,-0.140708,0.549211,0.419139,0.068467,-0.719723
2.661201,1.963015,-5.026378,8.014358,-2.676177,-0.148986,0.518495,0.438844,0.035699,-0.733010
3.048962,1.819132,-5.033664,7.486786,-3.071520,-0.146322,0.489189,0.456079,0.003921,-0.743418
3.408054,1.656037,-5.040602,6.868456,-3.443864,-0.135343,0.462018,0.470619,-0.026823,-0.751223
3.734028,1.475089,-5.046867,6.163078,-3.785026,-0.119498,0.437511,0.482263,-0.056590,-0.756837
4.022705,1.278043,-5.052307,5.377751,-4.087354,-0.102145,0.416282,0.490806,-0.085516,-0.760595
4.270330,1.067004,-5.056913,4.522118,-4.344504,-0.085838,0.398705,0.496077,-0.113779,-0.762886
4.473687,0.844361,-5.060791,3.608235,-4.551506,-0.072424,0.385045,0.497895,-0.141580,-0.764065
4.630198,0.612706,-5.064107,2.649357,-4.704985,-0.062658,0.375385,0.496084,-0.169093,-0.764456
4.737961,0.374768,-5.067042,1.659418,-4.802979,-0.056397,0.369690,0.490466,-0.196436,-0.764320
4.795775,0.133340,-5.069750,0.652359,-4.844740,-0.052733,0.367810,0.480859,-0.223649,-0.763853
4.803134,-0.108772,-5.072333,-0.357846,-4.830487,-0.050460,0.369529,0.467078,-0.250673,-0.763183
4.760228,-0.348795,-5.074829,-1.357265,-4.761306,-0.048441,0.374568,0.448938,-0.277336,-0.762389
4.667947,-0.584032,-5.077233,-2.331977,-4.639153,-0.045987,0.382600,0.426272,-0.303335,-0.761509
4.527855,-0.811905,-5.079515,-3.268796,-4.466845,-0.042845,0.393239,0.398945,-0.328246,-0.760565
4.342154,-1.029996,-5.081648,-4.155387,-4.248048,-0.039465,0.406075,0.366863,-0.351577,-0.759544
4.113651,-1.236100,-5.083658,-4.980020,-3.987612,-0.037550,0.420806,0.330077,-0.372729,-0.758316
3.845571,-1.428233,-5.085599,-5.737509,-3.689375,-0.036357,0.437079,0.288376,-0.391086,-0.756870
3.541283,-1.604555,-5.087425,-6.427256,-3.355501,-0.032673,0.454971,0.241708,-0.405709,-0.754969
3.204020,-1.763231,-5.088783,-7.055274,-2.983862,-0.017368,0.474671,0.189880,-0.415318,-0.752425
2.836848,-1.902342,-5.088905,-7.622165,-2.573413,0.017079,0.496579,0.133484,-0.418312,-0.748735
2.443043,-2.020081,-5.086835,-8.119231,-2.129792,0.070436,0.520624,0.073594,-0.413444,-0.743368
2.026511,-2.115202,-5.081946,-8.530304,-1.669897,0.129597,0.546467,0.011846,-0.399874,-0.735753
1.591802,-2.187370,-5.074335,-8.845844,-1.213035,0.178780,0.573435,-0.050130,-0.377213,-0.725513
1.143697,-2.237122,-5.064804,-9.066215,-0.774627,0.205588,0.600785,-0.110584,-0.345562,-0.712330
0.686756,-2.265567,-5.054590,-9.199668,-0.361955,0.205156,0.627677,-0.168030,-0.305574,-0.695997
0.225064,-2.274017,-5.045035,-9.256795,0.024156,0.178236,0.653435,-0.221086,-0.258320,-0.676323
-0.237794,-2.263677,-5.037304,-9.246783,0.388851,0.131260,0.677438,-0.268871,-0.205031,-0.653259
-0.698582,-2.235412,-5.032160,-9.174415,0.740445,0.073816,0.699392,-0.310501,-0.146929,-0.626778
-1.154158,-2.189622,-5.029828,-9.038464,1.089233,0.017820,0.718960,-0.345431,-0.085150,-0.597095
-1.601189,-2.126254,-5.030012,-8.832686,1.442891,-0.027772,0.736151,-0.372864,-0.020791,-0.564465
-2.035939,-2.044935,-5.032033,-8.547251,1.806504,-0.056628,0.750949,-0.392228,0.045031,-0.529343
-2.454180,-1.945163,-5.035031,-8.172470,2.180131,-0.067740,0.763685,-0.402787,0.111117,-0.492138
-2.851238,-1.826522,-5.038169,-7.700328,2.560354,-0.062957,0.774641,-0.404149,0.176184,-0.453378
-3.222212,-1.688904,-5.040833,-7.129722,2.938330,-0.049141,0.784235,-0.396060,0.238907,-0.413564
-3.562274,-1.532681,-5.042750,-6.464711,3.303669,-0.033057,0.792849,-0.378664,0.297969,-0.373119
-3.866938,-1.358767,-5.043967,-5.714918,3.645228,-0.020810,0.800826,-0.352433,0.352158,-0.332343
-4.132269,-1.168600,-5.044771,-4.892518,3.953146,-0.015839,0.808395,-0.318166,0.400420,-0.291427
-4.354973,-0.964071,-5.045558,-4.011005,4.219230,-0.019210,0.815684,-0.276886,0.441899,-0.250437
-4.532419,-0.747429,-5.046716,-3.083322,4.437285,-0.029728,0.822704,-0.229763,0.475947,-0.209380
-4.662609,-0.521192,-5.048543,-2.121852,4.602720,-0.044972,0.829393,-0.178035,0.502109,-0.168215
-4.744144,-0.288074,-5.051197,-1.138157,4.712303,-0.061868,0.835627,-0.122942,0.520102,-0.126911
-4.776204,-0.050925,-5.054688,-0.143816,4.763852,-0.077521,0.841262,-0.065693,0.529773,-0.085453
-4.758546,0.187324,-5.058889,0.849528,4.756203,-0.089465,0.846163,-0.007445,0.531062,-0.043879
-4.691542,0.423711,-5.063579,1.829051,4.689308,-0.096334,0.850224,0.050674,0.523971,-0.002222
-4.576240,0.655306,-5.068505,2.780500,4.564661,-0.098266,0.853324,0.107548,0.508637,0.039488
-4.414354,0.879289,-5.073424,3.691402,4.384947,-0.095450,0.855429,0.162232,0.485134,0.081028
-4.208278,1.093023,-5.078161,4.547094,4.154972,-0.090604,0.856404,0.213601,0.453810,0.122485
-3.960853,1.294071,-5.082539,5.344302,3.877728,-0.080687,0.856445,0.260729,0.414436,0.163595
-3.674879,1.480051,-5.086078,6.087703,3.552607,-0.056446,0.855662,0.301914,0.367141,0.204687
-3.352906,1.648494,-5.087754,6.782803,3.176685,-0.005593,0.853933,0.335508,0.312712,0.245853
-2.997771,1.797072,-5.086349,7.412906,2.758783,0.066921,0.850671,0.360501,0.252915,0.287107
-2.613282,1.924130,-5.081173,7.955946,2.316878,0.145178,0.845795,0.376135,0.188917,0.327815
-2.204187,2.028981,-5.072394,8.396655,1.871726,0.210536,0.839097,0.382016,0.122094,0.367522
-1.775657,2.111855,-5.060965,8.733111,1.439099,0.250480,0.830556,0.377709,0.053859,0.405723
-1.332723,2.173591,-5.048280,8.973039,1.027471,0.259942,0.819825,0.363732,-0.014166,0.442023
-0.879923,2.215308,-5.035858,9.128097,0.639347,0.239025,0.806770,0.340782,-0.080445,0.475938
-0.421203,2.238100,-5.025080,9.210252,0.271388,0.193201,0.791227,0.310052,-0.143725,0.507119
0.040015,2.242808,-5.016980,9.228371,-0.083311,0.131053,0.773320,0.272715,-0.202925,0.535185
0.500636,2.229894,-5.012136,9.186596,-0.432843,0.062047,0.753268,0.229924,-0.257247,0.559950
0.957644,2.199391,-5.010633,9.083887,-0.786225,-0.003419,0.731424,0.182771,-0.305936,0.581391
1.407854,2.150926,-5.012087,8.914617,-1.150591,-0.057075,0.708271,0.132278,-0.348426,0.599544
1.847720,2.083841,-5.015773,8.670109,-1.530225,-0.093556,0.684365,0.079430,-0.384159,0.614619
2.273260,1.997382,-5.020816,8.341574,-1.924640,-0.112157,0.660394,0.025216,-0.412748,0.626802
2.680090,1.890916,-5.026385,7.921920,-2.329470,-0.115190,0.636968,-0.029371,-0.433889,0.636512
3.063568,1.764125,-5.031828,7.407918,-2.736568,-0.107518,0.614760,-0.083298,-0.447592,0.644043
3.419002,1.617160,-5.036762,6.800897,-3.135356,-0.094918,0.594289,-0.135618,-0.454026,0.649836
3.741856,1.450714,-5.041061,6.105551,-3.514851,-0.081930,0.575997,-0.185430,-0.453644,0.654254
4.027907,1.266021,-5.044792,5.329752,-3.864334,-0.071745,0.560145,-0.231961,-0.447088,0.657680
4.273383,1.064828,-5.048140,4.483711,-4.174147,-0.065994,0.546921,-0.274626,-0.435165,0.660370
4.475066,0.849325,-5.051336,3.579109,-4.436184,-0.064871,0.536371,-0.313023,-0.418730,0.662560
4.630333,0.622063,-5.054587,2.628241,-4.644156,-0.067330,0.528486,-0.346934,-0.398627,0.664406
4.737197,0.385862,-5.058033,1.644115,-4.793466,-0.071763,0.523183,-0.376294,-0.375627,0.666022
4.794342,0.143733,-5.061731,0.640594,-4.881157,-0.076507,0.520370,-0.401160,-0.350353,0.667486
4.801185,-0.101207,-5.065671,-0.366877,-4.906023,-0.080598,0.519830,-0.421648,-0.323351,0.668904
4.757898,-0.345832,-5.069793,-1.363595,-4.868676,-0.082951,0.521506,-0.437956,-0.294861,0.670285
4.665486,-0.587095,-5.074051,-2.330862,-4.771883,-0.085354,0.524985,-0.450370,-0.265282,0.671701
4.525864,-0.822154,-5.078508,-3.251074,-4.620956,-0.090290,0.530000,-0.458951,-0.234510,0.673400
4.341349,-1.048389,-5.083113,-4.125518,-4.419440,-0.090494,0.536497,-0.463270,-0.202437,0.675700
4.113708,-1.263192,-5.087147,-4.975022,-4.163894,-0.066763,0.544531,-0.463548,-0.169513,0.678140
3.844329,-1.463870,-5.089322,-5.794020,-3.854439,-0.016031,0.554140,-0.461272,-0.136082,0.679439
3.535388,-1.647926,-5.088615,-6.556395,-3.498928,0.048568,0.566048,-0.456508,-0.101484,0.678889
